{
  "os": "Windows-10-10.0.26100-SP0",
  "python": "CPython 3.10.0",
  "startedAt": "2025-07-16T03:05:08.278630Z",
  "program": "e:\\STUDIES\\Prj\\Anti_Spoof\\Train.ipynb",
  "codePath": "Train.ipynb",
  "codePathLocal": "Train.ipynb",
  "email": "annho4110@gmail.com",
  "root": "e:\\STUDIES\\Prj\\Anti_Spoof",
  "host": "MSI",
  "executable": "c:\\Users\\annho\\AppData\\Local\\Programs\\Python\\Python310\\python.exe",
  "cpu_count": 8,
  "cpu_count_logical": 16,
  "gpu": "NVIDIA GeForce RTX 3050 Laptop GPU",
  "gpu_count": 1,
  "disk": {
    "/": {
      "total": "322488496128",
      "used": "48887070720"
    }
  },
  "memory": {
    "total": "8276959232"
  },
  "gpu_nvidia": [
    {
      "name": "NVIDIA GeForce RTX 3050 Laptop GPU",
      "memoryTotal": "4294967296",
      "cudaCores": 2048,
      "architecture": "Ampere",
      "uuid": "GPU-ad0fd0d8-fd54-d5aa-57fd-c28fddddb7c3"
    }
  ],
  "cudaVersion": "12.5",
  "writerId": "bhmt6chx4li530i7bb4itwwag16xrkm7"
}